{
    "Metadata":
    {
        "Type": "Azure Sphere Hardware Definition",
        "Version": 1
    },
    "Description":  
    {
        "Name": "WF-M620-RSC1",
        "MainCoreHeaderFileTopContent": [
            "/* Copyright (c) Microsoft Corporation. All rights reserved.",
            "   Licensed under the MIT License. */",
            "",
            "// This header lists the available peripherals for the AI-Link WF-M620-RSC1",
            "// and provides the header definition and application manifest values required to use them."
        ]
    },
    "Imports" : [ {"Path": "../mt3620/mt3620.json"} ],
    "Peripherals": [
        {"Name": "AILINK_WFM620RSC1_PIN1_GPIO41", "Type": "Gpio", "Mapping": "MT3620_GPIO41", "Comment": "WF-M620-RSC1 pin 1 exposes GPIO 41. Pin shared with GPIO4."},
        {"Name": "AILINK_WFM620RSC1_PIN1_GPIO4", "Type": "Gpio", "Mapping": "MT3620_GPIO4", "Comment": "WF-M620-RSC1 pin 1 exposes GPIO 4. Pin shared with GPIO41."},
        {"Name": "AILINK_WFM620RSC1_PIN2_GPIO42", "Type": "Gpio", "Mapping": "MT3620_GPIO42", "Comment": "WF-M620-RSC1 pin 2 exposes GPIO 42. Pin shared with GPIO5."},
        {"Name": "AILINK_WFM620RSC1_PIN2_GPIO5", "Type": "Gpio", "Mapping": "MT3620_GPIO5", "Comment": "WF-M620-RSC1 pin 2 exposes GPIO 5. Pin shared with GPIO42."},
        {"Name": "AILINK_WFM620RSC1_PIN3_GPIO43", "Type": "Gpio", "Mapping": "MT3620_GPIO43", "Comment": "WF-M620-RSC1 pin 3 exposes GPIO 43. Pin shared with GPIO6."},
        {"Name": "AILINK_WFM620RSC1_PIN3_GPIO6", "Type": "Gpio", "Mapping": "MT3620_GPIO6", "Comment": "WF-M620-RSC1 pin 3 exposes GPIO 6. Pin shared with GPIO43."},
        {"Name": "AILINK_WFM620RSC1_PIN4_GPIO44", "Type": "Gpio", "Mapping": "MT3620_GPIO44", "Comment": "WF-M620-RSC1 pin 4 exposes GPIO 44. Pin shared with GPIO7."},
        {"Name": "AILINK_WFM620RSC1_PIN4_GPIO7", "Type": "Gpio", "Mapping": "MT3620_GPIO7", "Comment": "WF-M620-RSC1 pin 4 exposes GPIO 7. Pin shared with GPIO44."},
        {"Name": "AILINK_WFM620RSC1_PIN5_GPIO26", "Type": "Gpio", "Mapping": "MT3620_GPIO26", "Comment": "WF-M620-RSC1 pin 5 exposes GPIO 26. Pin shared with GPIO8, UART0 and SPI0."},
        {"Name": "AILINK_WFM620RSC1_PIN5_GPIO8", "Type": "Gpio", "Mapping": "MT3620_GPIO8", "Comment": "WF-M620-RSC1 pin 5 exposes GPIO 8. Pin shared with GPIO26, UART0 and SPI0."},
        {"Name": "AILINK_WFM620RSC1_PIN6_GPIO27", "Type": "Gpio", "Mapping": "MT3620_GPIO27", "Comment": "WF-M620-RSC1 pin 6 exposes GPIO 27. Pin shared with GPIO9 and ISU0."},
        {"Name": "AILINK_WFM620RSC1_PIN6_GPIO9", "Type": "Gpio", "Mapping": "MT3620_GPIO9", "Comment": "WF-M620-RSC1 pin 6 exposes GPIO 9. Pin shared with GPIO27 and ISU0."},
        {"Name": "AILINK_WFM620RSC1_PIN7_GPIO28", "Type": "Gpio", "Mapping": "MT3620_GPIO28", "Comment": "WF-M620-RSC1 pin 7 exposes GPIO 28. Pin shared with GPIO10 and ISU0."},
        {"Name": "AILINK_WFM620RSC1_PIN7_GPIO10", "Type": "Gpio", "Mapping": "MT3620_GPIO10", "Comment": "WF-M620-RSC1 pin 7 exposes GPIO 10. Pin shared with GPIO28 and ISU0."},
        {"Name": "AILINK_WFM620RSC1_PIN8_GPIO29", "Type": "Gpio", "Mapping": "MT3620_GPIO29", "Comment": "WF-M620-RSC1 pin 8 exposes GPIO 29. Pin shared with GPIO11, UART0 and SPI0."},
        {"Name": "AILINK_WFM620RSC1_PIN8_GPIO11", "Type": "Gpio", "Mapping": "MT3620_GPIO11", "Comment": "WF-M620-RSC1 pin 8 exposes GPIO 11. Pin shared with GPIO29, UART0 and SPI0."},
        {"Name": "AILINK_WFM620RSC1_PIN9_GPIO30", "Type": "Gpio", "Mapping": "MT3620_GPIO30", "Comment": "WF-M620-RSC1 pin 9 exposes GPIO 30. Pin shared with ISU0."},
        {"Name": "AILINK_WFM620RSC1_PIN10_GPIO32", "Type": "Gpio", "Mapping": "MT3620_GPIO32", "Comment": "WF-M620-RSC1 pin 10 exposes GPIO 32. Pin shared with ISU1."},
        {"Name": "AILINK_WFM620RSC1_PIN11_GPIO34", "Type": "Gpio", "Mapping": "MT3620_GPIO34", "Comment": "WF-M620-RSC1 pin 11 exposes GPIO 34. Pin shared with UART1 and SPI1."},
        {"Name": "AILINK_WFM620RSC1_PIN14_GPIO31", "Type": "Gpio", "Mapping": "MT3620_GPIO31", "Comment": "WF-M620-RSC1 pin 14 exposes GPIO 31. Pin shared with UART1 and SPI1."},
        {"Name": "AILINK_WFM620RSC1_PIN15_GPIO33", "Type": "Gpio", "Mapping": "MT3620_GPIO33", "Comment": "WF-M620-RSC1 pin 15 exposes GPIO 33. Pin shared with ISU1."},
        {"Name": "AILINK_WFM620RSC1_PIN16_GPIO35", "Type": "Gpio", "Mapping": "MT3620_GPIO35", "Comment": "WF-M620-RSC1 pin 16 exposes GPIO 35. Pin shared with SPI1."},
        {"Name": "AILINK_WFM620RSC1_PIN17_GPIO45", "Type": "Gpio", "Mapping": "MT3620_GPIO45", "Comment": "WF-M620-RSC1 pin 17 exposes GPIO 45. Pin shared with GPIO45."},
        {"Name": "AILINK_WFM620RSC1_PIN18_GPIO46", "Type": "Gpio", "Mapping": "MT3620_GPIO46", "Comment": "WF-M620-RSC1 pin 18 exposes GPIO 46. Pin shared with GPIO46."},
        {"Name": "AILINK_WFM620RSC1_PIN19_GPIO47", "Type": "Gpio", "Mapping": "MT3620_GPIO47", "Comment": "WF-M620-RSC1 pin 19 exposes GPIO 47. Pin shared with GPIO47."},
        {"Name": "AILINK_WFM620RSC1_PIN23_GPIO23", "Type": "Gpio", "Mapping": "MT3620_GPIO23", "Comment": "WF-M620-RSC1 pin 19 exposes GPIO 23. Pin shared with GPIO23."},
        {"Name": "AILINK_WFM620RSC1_ISU0_UART", "Type": "Uart", "Mapping": "MT3620_ISU0_UART", "Comment": "WF-M620-RSC1 ISU 0 configured as UART, pin 7 (RX), pin 5 (TX), pin 8 (CTS), pin 6 (RTS)."},
        {"Name": "AILINK_WFM620RSC1_ISU0_SPI", "Type": "SpiMaster", "Mapping": "MT3620_ISU0_SPI", "Comment": "WF-M620-RSC1 ISU 0 configured as SPI, pin 7 (MISO), pin 5 (SCLK), pin 8 (CSA), pin 6 (MOSI) and pin 9 (CSB)."},
        {"Name": "AILINK_WFM620RSC1_ISU0_I2C", "Type": "I2cMaster", "Mapping": "MT3620_ISU0_I2C", "Comment": "WF-M620-RSC1 ISU 0 configured as I2C,  pin 7 (SDA) and pin 6 (SCL)."},
        {"Name": "AILINK_WFM620RSC1_ISU1_UART", "Type": "Uart", "Mapping": "MT3620_ISU1_UART", "Comment": "WF-M620-RSC1 ISU 1 configured as UART, pin 15 (RX), pin 14 (TX), pin 11 (CTS), pin 10 (RTS)."},
        {"Name": "AILINK_WFM620RSC1_ISU1_SPI", "Type": "SpiMaster", "Mapping": "MT3620_ISU1_SPI", "Comment": "WF-M620-RSC1 ISU 1 configured as SPI, pin 15 (MISO), pin 14 (SCLK), pin 11 (CSA), pin 10 (MOSI) and pin 16 (CSB)."},
        {"Name": "AILINK_WFM620RSC1_ISU1_I2C", "Type": "I2cMaster", "Mapping": "MT3620_ISU1_I2C", "Comment": "WF-M620-RSC1 ISU 1 configured as I2C,  pin 15 (SDA) and pin 10 (SCL)."},
        {"Name": "AILINK_WFM620RSC1_ISU3_I2C", "Type": "I2cMaster", "Mapping": "MT3620_ISU3_I2C", "Comment": "WF-M620-RSC1 ISU 3 configured as I2C,  pin 68 (SDA) and pin 67(SCL)."}
    ]
}
